engine,revision,sha,case,n,median_ms,min_ms,max_ms,change_vs_oldest_pct,same_output_as_oldest,same_output_as_latest_tag
js,0.1.6,379474fbc87a9afe36620e2b71902f88d2b757b5,quoted_fences,128,0.37025500000004286,0.3516899999999623,0.625210999999922,0.0,True,True
js,0.1.6,379474fbc87a9afe36620e2b71902f88d2b757b5,verse_definitions,128,0.5435350000000199,0.49724700000001576,1.196237999999994,0.0,True,True
js,0.1.6,379474fbc87a9afe36620e2b71902f88d2b757b5,verse_equivalent,128,0.6159629999999652,0.5786930000000439,0.8881819999999152,0.0,True,True
js,0.1.6,379474fbc87a9afe36620e2b71902f88d2b757b5,paragraphs,128,0.16106600000000526,0.15054699999996046,0.2985289999999168,0.0,True,True
js,0.1.6,379474fbc87a9afe36620e2b71902f88d2b757b5,mixed_document,128,1.8714740000000347,1.7063799999999674,2.284061000000065,0.0,True,True
js,0.1.6,379474fbc87a9afe36620e2b71902f88d2b757b5,quoted_fences,1024,3.025361999999973,2.7368340000000444,3.7016029999999773,0.0,True,True
js,0.1.6,379474fbc87a9afe36620e2b71902f88d2b757b5,verse_definitions,1024,4.6086500000000115,4.1739599999999655,6.162822000000006,0.0,True,True
js,0.1.6,379474fbc87a9afe36620e2b71902f88d2b757b5,verse_equivalent,1024,5.163777999999979,4.456868999999983,9.517868999999905,0.0,True,True
js,0.1.6,379474fbc87a9afe36620e2b71902f88d2b757b5,paragraphs,1024,1.2906390000000556,1.2202240000000302,2.2912340000000313,0.0,True,True
js,0.1.6,379474fbc87a9afe36620e2b71902f88d2b757b5,mixed_document,1024,22.17755299999999,20.684691999999927,24.91500700000006,0.0,True,True
js,0.1.7,680af386605367bb86a07c2b258673c6514c4005,quoted_fences,128,0.3724200000000337,0.3539140000000316,0.5562699999999268,0.5847321440603404,True,True
js,0.1.7,680af386605367bb86a07c2b258673c6514c4005,verse_definitions,128,0.5837020000000166,0.5238669999999956,0.9037120000000414,7.389956488541727,True,True
js,0.1.7,680af386605367bb86a07c2b258673c6514c4005,verse_equivalent,128,0.6365729999999985,0.6091400000000249,1.0255639999999175,3.3459801968680702,True,True
js,0.1.7,680af386605367bb86a07c2b258673c6514c4005,paragraphs,128,0.15577700000005734,0.15047600000002603,0.31848600000000715,-3.2837470353443643,True,True
js,0.1.7,680af386605367bb86a07c2b258673c6514c4005,mixed_document,128,1.7977150000000393,1.6958909999999605,2.842875000000049,-3.9412249382034803,True,True
js,0.1.7,680af386605367bb86a07c2b258673c6514c4005,quoted_fences,1024,3.308222999999998,2.703450000000089,5.694426000000021,9.34965799134213,True,True
js,0.1.7,680af386605367bb86a07c2b258673c6514c4005,verse_definitions,1024,4.50124500000004,3.9679889999999887,7.144010999999978,-2.330508934285991,True,True
js,0.1.7,680af386605367bb86a07c2b258673c6514c4005,verse_equivalent,1024,5.249310000000037,4.633066999999983,6.308326999999963,1.6563841435487392,True,True
js,0.1.7,680af386605367bb86a07c2b258673c6514c4005,paragraphs,1024,1.2727949999999737,1.2208950000000414,1.8336530000000266,-1.3825709590428614,True,True
js,0.1.7,680af386605367bb86a07c2b258673c6514c4005,mixed_document,1024,22.910226999999963,20.498199999999997,24.88029700000004,3.303673764188386,True,True
js,0.1.8,23204e8982012a4b3900dc735e46b3c2630803c2,quoted_fences,128,0.2758049999999912,0.26159800000004907,0.5633439999999155,-25.50944619249996,True,True
js,0.1.8,23204e8982012a4b3900dc735e46b3c2630803c2,verse_definitions,128,0.6855459999999312,0.6542269999999917,1.217710000000011,26.127296310247928,True,True
js,0.1.8,23204e8982012a4b3900dc735e46b3c2630803c2,verse_equivalent,128,0.7665700000000015,0.7087900000000218,1.1672139999999445,24.450656938816916,True,True
js,0.1.8,23204e8982012a4b3900dc735e46b3c2630803c2,paragraphs,128,0.08046300000000883,0.07527400000003581,0.09169500000007247,-50.04346044478276,True,True
js,0.1.8,23204e8982012a4b3900dc735e46b3c2630803c2,mixed_document,128,1.28736200000003,1.2174689999999373,1.906221999999957,-31.21133395387773,True,True
js,0.1.8,23204e8982012a4b3900dc735e46b3c2630803c2,quoted_fences,1024,2.2526710000000776,1.9962319999999636,3.5742380000000367,-25.540447721624794,True,True
js,0.1.8,23204e8982012a4b3900dc735e46b3c2630803c2,verse_definitions,1024,5.921310000000062,5.130451999999991,7.080900000000042,28.482527421263228,True,True
js,0.1.8,23204e8982012a4b3900dc735e46b3c2630803c2,verse_equivalent,1024,7.583868000000052,5.719765000000052,9.799277000000075,46.86665460831358,True,True
js,0.1.8,23204e8982012a4b3900dc735e46b3c2630803c2,paragraphs,1024,0.6516810000000532,0.6121059999999261,0.8820100000000366,-49.50710462026754,True,True
js,0.1.8,23204e8982012a4b3900dc735e46b3c2630803c2,mixed_document,1024,24.182738000000086,21.886623999999983,44.43682899999999,9.041506968780988,True,True
js,0.1.9,a0cb0ad18fc4da223e46cfb77672e4dec537a83b,quoted_fences,128,0.2778399999999692,0.25464499999998225,0.5274749999999813,-24.959824985499978,True,True
js,0.1.9,a0cb0ad18fc4da223e46cfb77672e4dec537a83b,verse_definitions,128,0.7352309999999989,0.6583429999999453,0.997380000000021,35.26838198091604,True,True
js,0.1.9,a0cb0ad18fc4da223e46cfb77672e4dec537a83b,verse_equivalent,128,0.7468729999999368,0.7037609999999859,1.355101999999988,21.252899930674253,True,True
js,0.1.9,a0cb0ad18fc4da223e46cfb77672e4dec537a83b,paragraphs,128,0.08102399999995669,0.07542399999999816,0.12329499999998461,-49.69515602302532,True,True
js,0.1.9,a0cb0ad18fc4da223e46cfb77672e4dec537a83b,mixed_document,128,1.4807409999999663,1.2317369999999528,2.2533030000000736,-20.878355777321033,True,True
js,0.1.9,a0cb0ad18fc4da223e46cfb77672e4dec537a83b,quoted_fences,1024,2.130127000000016,1.9109699999999066,3.3270989999999756,-29.591004316176537,True,True
js,0.1.9,a0cb0ad18fc4da223e46cfb77672e4dec537a83b,verse_definitions,1024,5.731259000000023,4.89238899999998,7.81555800000001,24.358738459201913,True,True
js,0.1.9,a0cb0ad18fc4da223e46cfb77672e4dec537a83b,verse_equivalent,1024,7.043197999999961,5.552698999999961,10.85954700000002,36.39621997692366,True,True
js,0.1.9,a0cb0ad18fc4da223e46cfb77672e4dec537a83b,paragraphs,1024,0.6612599999999702,0.6230669999999918,1.1491689999999153,-48.764914123938475,True,True
js,0.1.9,a0cb0ad18fc4da223e46cfb77672e4dec537a83b,mixed_document,1024,24.05391199999997,20.979104000000007,37.085901000000035,8.460622323842394,True,True
js,dev-main,4a983edecfc6549b3f73b5aeb5b563347be5ac04,quoted_fences,128,0.30075299999998606,0.26352200000007997,1.4128019999999424,-18.771387287153107,True,True
js,dev-main,4a983edecfc6549b3f73b5aeb5b563347be5ac04,verse_definitions,128,0.7218049999999039,0.6572330000000193,1.1486680000000433,32.79825586206546,True,True
js,dev-main,4a983edecfc6549b3f73b5aeb5b563347be5ac04,verse_equivalent,128,0.8009660000000167,0.7327749999999469,3.9278530000000274,30.03475858128848,True,True
js,dev-main,4a983edecfc6549b3f73b5aeb5b563347be5ac04,paragraphs,128,0.08088400000008278,0.0765760000000455,0.31494999999995343,-49.782076912520246,True,True
js,dev-main,4a983edecfc6549b3f73b5aeb5b563347be5ac04,mixed_document,128,1.5265779999999722,1.239622000000054,2.603520000000003,-18.429109888785845,True,True
js,dev-main,4a983edecfc6549b3f73b5aeb5b563347be5ac04,quoted_fences,1024,2.0886990000000196,1.9962030000000368,3.180488000000082,-30.960361107198466,True,True
js,dev-main,4a983edecfc6549b3f73b5aeb5b563347be5ac04,verse_definitions,1024,6.091344999999933,5.033386999999948,9.167093000000023,32.17200264719424,True,True
js,dev-main,4a983edecfc6549b3f73b5aeb5b563347be5ac04,verse_equivalent,1024,6.741761999999994,5.766373000000044,9.01985400000001,30.558711083242173,True,True
js,dev-main,4a983edecfc6549b3f73b5aeb5b563347be5ac04,paragraphs,1024,0.6605590000000348,0.6244100000000117,0.9187899999999445,-48.81922830473848,True,True
js,dev-main,4a983edecfc6549b3f73b5aeb5b563347be5ac04,mixed_document,1024,25.625811,22.11023499999999,49.95155299999999,15.548415102423663,True,True
php,0.1.7,9fd773b229d4d63b8b468b87b122943d563c80dc,quoted_fences,128,0.852906,0.779997,1.30563,0.0,True,True
php,0.1.7,9fd773b229d4d63b8b468b87b122943d563c80dc,verse_definitions,128,2.470515,2.279926,3.484004,0.0,True,True
php,0.1.7,9fd773b229d4d63b8b468b87b122943d563c80dc,verse_equivalent,128,2.44923,2.311396,3.28822,0.0,True,True
php,0.1.7,9fd773b229d4d63b8b468b87b122943d563c80dc,paragraphs,128,0.233986,0.23077,0.259665,0.0,True,True
php,0.1.7,9fd773b229d4d63b8b468b87b122943d563c80dc,mixed_document,128,2.537569,2.434026,3.767742,0.0,True,True
php,0.1.7,9fd773b229d4d63b8b468b87b122943d563c80dc,quoted_false_mixed_closer,128,0.805291,0.767825,1.032268,0.0,True,True
php,0.1.7,9fd773b229d4d63b8b468b87b122943d563c80dc,quoted_indented_closer,128,0.826876,0.780284,1.111168,0.0,True,True
php,0.1.7,9fd773b229d4d63b8b468b87b122943d563c80dc,html_table,128,18.017297,16.789322,22.525774,0.0,True,True
php,0.1.7,9fd773b229d4d63b8b468b87b122943d563c80dc,quoted_fences,1024,5.965972,5.46125,8.029612,0.0,True,True
php,0.1.7,9fd773b229d4d63b8b468b87b122943d563c80dc,verse_definitions,1024,19.398342,17.55075,23.344311,0.0,True,True
php,0.1.7,9fd773b229d4d63b8b468b87b122943d563c80dc,verse_equivalent,1024,20.264625,18.29916,24.735987,0.0,True,True
php,0.1.7,9fd773b229d4d63b8b468b87b122943d563c80dc,paragraphs,1024,1.892827,1.837904,2.894221,0.0,True,True
php,0.1.7,9fd773b229d4d63b8b468b87b122943d563c80dc,mixed_document,1024,667.188054,618.417053,807.565884,0.0,True,False
php,0.1.7,9fd773b229d4d63b8b468b87b122943d563c80dc,quoted_false_mixed_closer,1024,6.401211,5.770413,8.802157,0.0,True,True
php,0.1.7,9fd773b229d4d63b8b468b87b122943d563c80dc,quoted_indented_closer,1024,6.487796,5.492545,10.201394,0.0,True,True
php,0.1.7,9fd773b229d4d63b8b468b87b122943d563c80dc,html_table,1024,152.233604,147.692557,166.617036,0.0,True,True
php,0.1.8,93409af08040344221ff0d2d2d40351c8105e413,quoted_fences,128,0.868427,0.818881,0.982295,1.8197784984511634,True,True
php,0.1.8,93409af08040344221ff0d2d2d40351c8105e413,verse_definitions,128,2.370418,2.270625,2.765639,-4.051665341032129,True,True
php,0.1.8,93409af08040344221ff0d2d2d40351c8105e413,verse_equivalent,128,2.52115,2.371254,3.559844,2.9364330830505825,True,True
php,0.1.8,93409af08040344221ff0d2d2d40351c8105e413,paragraphs,128,0.235359,0.23045,0.286055,0.5867872436812416,True,True
php,0.1.8,93409af08040344221ff0d2d2d40351c8105e413,mixed_document,128,2.485392,2.452452,2.767014,-2.056180541297592,True,True
php,0.1.8,93409af08040344221ff0d2d2d40351c8105e413,quoted_false_mixed_closer,128,0.867253,0.80226,1.003265,7.694361417177165,True,True
php,0.1.8,93409af08040344221ff0d2d2d40351c8105e413,quoted_indented_closer,128,0.873687,0.827397,1.264871,5.661187408994817,True,True
php,0.1.8,93409af08040344221ff0d2d2d40351c8105e413,html_table,128,58.246166,55.558754,64.891331,223.27915780041815,True,True
php,0.1.8,93409af08040344221ff0d2d2d40351c8105e413,quoted_fences,1024,6.056301,5.675458,7.765161,1.5140701297290837,True,True
php,0.1.8,93409af08040344221ff0d2d2d40351c8105e413,verse_definitions,1024,19.81603,17.99877,23.456758,2.153214950019966,True,True
php,0.1.8,93409af08040344221ff0d2d2d40351c8105e413,verse_equivalent,1024,20.215582,18.627854,22.66527,-0.24201286725018534,True,True
php,0.1.8,93409af08040344221ff0d2d2d40351c8105e413,paragraphs,1024,1.881967,1.838588,2.07221,-0.5737449856748733,True,True
php,0.1.8,93409af08040344221ff0d2d2d40351c8105e413,mixed_document,1024,727.519285,684.655204,847.817784,,False,True
php,0.1.8,93409af08040344221ff0d2d2d40351c8105e413,quoted_false_mixed_closer,1024,6.503627,5.603189,7.988239,1.5999472599794062,True,True
php,0.1.8,93409af08040344221ff0d2d2d40351c8105e413,quoted_indented_closer,1024,6.378706,5.812857,8.215127,-1.6814647069667399,True,True
php,0.1.8,93409af08040344221ff0d2d2d40351c8105e413,html_table,1024,584.296069,542.864143,777.398874,283.81543473148014,True,True
php,0.1.9,d4b53388df891158c9c868177a4213a5e8b2f608,quoted_fences,128,0.815776,0.779266,0.899546,-4.353351952032236,True,True
php,0.1.9,d4b53388df891158c9c868177a4213a5e8b2f608,verse_definitions,128,2.405817,2.231246,3.14847,-2.618806200326651,True,True
php,0.1.9,d4b53388df891158c9c868177a4213a5e8b2f608,verse_equivalent,128,2.456576,2.346925,2.994956,0.2999309987220533,True,True
php,0.1.9,d4b53388df891158c9c868177a4213a5e8b2f608,paragraphs,128,0.237112,0.228476,0.422757,1.3359773661671959,True,True
php,0.1.9,d4b53388df891158c9c868177a4213a5e8b2f608,mixed_document,128,2.499571,2.431398,3.030178,-1.4974174101275661,True,True
php,0.1.9,d4b53388df891158c9c868177a4213a5e8b2f608,quoted_false_mixed_closer,128,0.827337,0.798502,0.921649,2.737643907606069,True,True
php,0.1.9,d4b53388df891158c9c868177a4213a5e8b2f608,quoted_indented_closer,128,0.872505,0.795779,1.266334,5.518239736066821,True,True
php,0.1.9,d4b53388df891158c9c868177a4213a5e8b2f608,html_table,128,58.086395,54.948154,73.224974,222.39239326520513,True,True
php,0.1.9,d4b53388df891158c9c868177a4213a5e8b2f608,quoted_fences,1024,6.16983,5.601171,8.146494,3.4170123493707294,True,True
php,0.1.9,d4b53388df891158c9c868177a4213a5e8b2f608,verse_definitions,1024,20.328312,18.243626,24.819024,4.794069513775967,True,True
php,0.1.9,d4b53388df891158c9c868177a4213a5e8b2f608,verse_equivalent,1024,20.57466,19.039701,27.998403,1.5299320860859833,True,True
php,0.1.9,d4b53388df891158c9c868177a4213a5e8b2f608,paragraphs,1024,1.874915,1.825454,2.761956,-0.9463094091536006,True,True
php,0.1.9,d4b53388df891158c9c868177a4213a5e8b2f608,mixed_document,1024,703.331614,674.611812,1436.965197,,False,True
php,0.1.9,d4b53388df891158c9c868177a4213a5e8b2f608,quoted_false_mixed_closer,1024,6.697714,5.742184,9.001473,4.631982916982436,True,True
php,0.1.9,d4b53388df891158c9c868177a4213a5e8b2f608,quoted_indented_closer,1024,7.889613,5.64592,13.635899,21.60698332684936,True,True
php,0.1.9,d4b53388df891158c9c868177a4213a5e8b2f608,html_table,1024,594.773837,546.97912,663.168192,290.6981253626498,True,True
php,0.1.10,6d94607eaa9d51c9ed782342161beca77b05aaf9,quoted_fences,128,1.086273,1.026568,1.228023,27.361397387285358,True,True
php,0.1.10,6d94607eaa9d51c9ed782342161beca77b05aaf9,verse_definitions,128,14.446043,13.352103,18.462177,484.7381214038369,True,True
php,0.1.10,6d94607eaa9d51c9ed782342161beca77b05aaf9,verse_equivalent,128,20.214701,19.443982,26.818255,725.3492322076735,True,True
php,0.1.10,6d94607eaa9d51c9ed782342161beca77b05aaf9,paragraphs,128,0.324529,0.281327,0.448355,38.69590488319814,True,True
php,0.1.10,6d94607eaa9d51c9ed782342161beca77b05aaf9,mixed_document,128,3.542832,3.184511,6.230654,39.61519864090397,True,True
php,0.1.10,6d94607eaa9d51c9ed782342161beca77b05aaf9,quoted_false_mixed_closer,128,1.097163,1.007842,1.214789,36.244289331434246,True,True
php,0.1.10,6d94607eaa9d51c9ed782342161beca77b05aaf9,quoted_indented_closer,128,1.109005,1.034864,1.709169,34.11986803341733,True,True
php,0.1.10,6d94607eaa9d51c9ed782342161beca77b05aaf9,html_table,128,71.999693,65.777268,84.205043,299.6142873151283,True,True
php,0.1.10,6d94607eaa9d51c9ed782342161beca77b05aaf9,quoted_fences,1024,8.155196,7.881413,9.69846,36.69517724856905,True,True
php,0.1.10,6d94607eaa9d51c9ed782342161beca77b05aaf9,verse_definitions,1024,671.697084,637.178224,717.991713,3362.652034900715,True,True
php,0.1.10,6d94607eaa9d51c9ed782342161beca77b05aaf9,verse_equivalent,1024,1004.827627,888.748503,1073.404099,4858.530577299111,True,True
php,0.1.10,6d94607eaa9d51c9ed782342161beca77b05aaf9,paragraphs,1024,2.223579,2.161154,3.709956,17.47396883074892,True,True
php,0.1.10,6d94607eaa9d51c9ed782342161beca77b05aaf9,mixed_document,1024,473.151918,449.977159,580.072244,,False,True
php,0.1.10,6d94607eaa9d51c9ed782342161beca77b05aaf9,quoted_false_mixed_closer,1024,7.911128,7.346238,8.477557,23.587989835048397,True,True
php,0.1.10,6d94607eaa9d51c9ed782342161beca77b05aaf9,quoted_indented_closer,1024,7.971101,7.183188,9.367467,22.863003090726018,True,True
php,0.1.10,6d94607eaa9d51c9ed782342161beca77b05aaf9,html_table,1024,1259.757213,1204.596214,1494.093706,727.5158571428159,True,True
php,dev-main,b9d4264994fdfd0bb1c6165eb7f75a2565f6632d,quoted_fences,128,1.365826,1.271164,1.501924,60.13792844698007,True,True
php,dev-main,b9d4264994fdfd0bb1c6165eb7f75a2565f6632d,verse_definitions,128,3.519572,3.403754,4.178966,42.4630896796822,True,True
php,dev-main,b9d4264994fdfd0bb1c6165eb7f75a2565f6632d,verse_equivalent,128,3.633873,3.478704,4.51284,48.36797687436458,True,True
php,dev-main,b9d4264994fdfd0bb1c6165eb7f75a2565f6632d,paragraphs,128,0.279443,0.275104,0.329449,19.427230689015573,True,True
php,dev-main,b9d4264994fdfd0bb1c6165eb7f75a2565f6632d,mixed_document,128,3.30168,3.119739,3.974796,30.11192996131338,True,True
php,dev-main,b9d4264994fdfd0bb1c6165eb7f75a2565f6632d,quoted_false_mixed_closer,128,1.343281,1.288077,1.612505,66.80690582658939,True,True
php,dev-main,b9d4264994fdfd0bb1c6165eb7f75a2565f6632d,quoted_indented_closer,128,1.329505,1.289751,1.484732,60.78650245018598,True,True
php,dev-main,b9d4264994fdfd0bb1c6165eb7f75a2565f6632d,html_table,128,45.503834,41.219549,55.325709,152.55638512258525,True,True
php,dev-main,b9d4264994fdfd0bb1c6165eb7f75a2565f6632d,quoted_fences,1024,10.001054,9.280801,12.762762,67.63494699606368,True,True
php,dev-main,b9d4264994fdfd0bb1c6165eb7f75a2565f6632d,verse_definitions,1024,29.34165,27.073106,33.680331,51.2585457045762,True,True
php,dev-main,b9d4264994fdfd0bb1c6165eb7f75a2565f6632d,verse_equivalent,1024,30.019141,28.649404,34.930489,48.13568472152829,True,True
php,dev-main,b9d4264994fdfd0bb1c6165eb7f75a2565f6632d,paragraphs,1024,2.242108,2.184374,2.753789,18.452874985405423,True,True
php,dev-main,b9d4264994fdfd0bb1c6165eb7f75a2565f6632d,mixed_document,1024,485.843611,458.032679,586.822802,,False,True
php,dev-main,b9d4264994fdfd0bb1c6165eb7f75a2565f6632d,quoted_false_mixed_closer,1024,10.018435,9.053535,11.529799,56.50843254502937,True,True
php,dev-main,b9d4264994fdfd0bb1c6165eb7f75a2565f6632d,quoted_indented_closer,1024,9.630297,9.230544,11.570655,48.43711177108527,True,True
php,dev-main,b9d4264994fdfd0bb1c6165eb7f75a2565f6632d,html_table,1024,485.292264,466.122382,624.192156,218.78130140044502,True,True
rs,0.1.4,2e9c43f22c5ed05dbd93323ae6b9c94bb867b285,quoted_fences,128,0.081425,0.07818900000000001,0.096834,0.0,True,True
rs,0.1.4,2e9c43f22c5ed05dbd93323ae6b9c94bb867b285,verse_definitions,128,0.138113,0.12954700000000002,0.163943,0.0,True,True
rs,0.1.4,2e9c43f22c5ed05dbd93323ae6b9c94bb867b285,verse_equivalent,128,0.111322,0.10076199999999999,0.161187,0.0,True,True
rs,0.1.4,2e9c43f22c5ed05dbd93323ae6b9c94bb867b285,paragraphs,128,0.023685,0.023355,0.02629,0.0,True,True
rs,0.1.4,2e9c43f22c5ed05dbd93323ae6b9c94bb867b285,mixed_document,128,0.293058,0.284833,0.354576,0.0,True,True
rs,0.1.4,2e9c43f22c5ed05dbd93323ae6b9c94bb867b285,quoted_fences,1024,1.8697640000000002,1.747871,2.179273,0.0,True,True
rs,0.1.4,2e9c43f22c5ed05dbd93323ae6b9c94bb867b285,verse_definitions,1024,1.4002489999999999,1.281843,1.864744,0.0,True,True
rs,0.1.4,2e9c43f22c5ed05dbd93323ae6b9c94bb867b285,verse_equivalent,1024,0.757173,0.7315740000000001,0.828298,0.0,True,True
rs,0.1.4,2e9c43f22c5ed05dbd93323ae6b9c94bb867b285,paragraphs,1024,0.195353,0.18044400000000002,0.244966,0.0,True,True
rs,0.1.4,2e9c43f22c5ed05dbd93323ae6b9c94bb867b285,mixed_document,1024,2.4452599999999998,2.368584,3.5235459999999996,0.0,True,True
rs,0.1.5,56cb353657375e1a85965d5fcf00a234831d82c6,quoted_fences,128,0.080684,0.07523400000000001,0.12208299999999998,-0.910039914031302,True,True
rs,0.1.5,56cb353657375e1a85965d5fcf00a234831d82c6,verse_definitions,128,0.131581,0.124418,0.163472,-4.729460659025586,True,True
rs,0.1.5,56cb353657375e1a85965d5fcf00a234831d82c6,verse_equivalent,128,0.097025,0.095222,0.144345,-12.842924130001265,True,True
rs,0.1.5,56cb353657375e1a85965d5fcf00a234831d82c6,paragraphs,128,0.021712000000000002,0.02124,0.036981,-8.330166772218695,True,True
rs,0.1.5,56cb353657375e1a85965d5fcf00a234831d82c6,mixed_document,128,0.238795,0.230479,0.339648,-18.516129912850012,True,True
rs,0.1.5,56cb353657375e1a85965d5fcf00a234831d82c6,quoted_fences,1024,1.7599740000000001,1.530257,2.120411,-5.871864042734809,True,True
rs,0.1.5,56cb353657375e1a85965d5fcf00a234831d82c6,verse_definitions,1024,1.327099,1.257617,1.7820559999999999,-5.224070861682451,True,True
rs,0.1.5,56cb353657375e1a85965d5fcf00a234831d82c6,verse_equivalent,1024,1.014473,0.963496,1.24858,33.9816660129191,True,True
rs,0.1.5,56cb353657375e1a85965d5fcf00a234831d82c6,paragraphs,1024,0.17652600000000002,0.16647699999999999,0.264184,-9.637425583431014,True,True
rs,0.1.5,56cb353657375e1a85965d5fcf00a234831d82c6,mixed_document,1024,1.964374,1.895702,2.411726,-19.666047782239914,True,True
rs,0.1.6,d7837249c64b88879b04cd71b8b5555ff246e16f,quoted_fences,128,0.08090399999999999,0.077698,0.112835,-0.6398526251151448,True,True
rs,0.1.6,d7837249c64b88879b04cd71b8b5555ff246e16f,verse_definitions,128,0.138844,0.13428600000000002,0.177038,0.52927675164538,True,True
rs,0.1.6,d7837249c64b88879b04cd71b8b5555ff246e16f,verse_equivalent,128,0.11830600000000001,0.10471899999999999,0.15329199999999998,6.273692531575081,True,True
rs,0.1.6,d7837249c64b88879b04cd71b8b5555ff246e16f,paragraphs,128,0.022522,0.022092,0.038423,-4.910280768418829,True,True
rs,0.1.6,d7837249c64b88879b04cd71b8b5555ff246e16f,mixed_document,128,0.243504,0.23819400000000002,0.300714,-16.909280756710277,True,True
rs,0.1.6,d7837249c64b88879b04cd71b8b5555ff246e16f,quoted_fences,1024,1.594238,1.523534,1.837081,-14.735870409313701,True,True
rs,0.1.6,d7837249c64b88879b04cd71b8b5555ff246e16f,verse_definitions,1024,0.93947,0.867092,1.144521,-32.90693298120547,True,True
rs,0.1.6,d7837249c64b88879b04cd71b8b5555ff246e16f,verse_equivalent,1024,1.0975920000000001,1.046816,1.36941,44.959210114465264,True,True
rs,0.1.6,d7837249c64b88879b04cd71b8b5555ff246e16f,paragraphs,1024,0.191304,0.173962,0.291024,-2.072658213592826,True,True
rs,0.1.6,d7837249c64b88879b04cd71b8b5555ff246e16f,mixed_document,1024,2.1069750000000003,1.927874,2.66516,-13.834316187235697,True,True
rs,0.1.7,9f3f334c7d5c91c57e4e6269b32599af1062fdde,quoted_fences,128,0.089931,0.085393,0.16287100000000002,10.44642308873196,True,True
rs,0.1.7,9f3f334c7d5c91c57e4e6269b32599af1062fdde,verse_definitions,128,0.15079800000000002,0.147781,0.172299,9.184508337375918,True,True
rs,0.1.7,9f3f334c7d5c91c57e4e6269b32599af1062fdde,verse_equivalent,128,0.164433,0.156899,0.201063,47.70934765814483,True,True
rs,0.1.7,9f3f334c7d5c91c57e4e6269b32599af1062fdde,paragraphs,128,0.022934,0.022623,0.036288999999999995,-3.1707831961156896,True,True
rs,0.1.7,9f3f334c7d5c91c57e4e6269b32599af1062fdde,mixed_document,128,0.263111,0.256529,0.32260500000000003,-10.218796279234832,True,True
rs,0.1.7,9f3f334c7d5c91c57e4e6269b32599af1062fdde,quoted_fences,1024,1.865084,1.8011629999999998,2.2016459999999998,-0.2502989682120482,True,True
rs,0.1.7,9f3f334c7d5c91c57e4e6269b32599af1062fdde,verse_definitions,1024,1.557759,1.45838,1.9854040000000002,11.24871362164872,True,True
rs,0.1.7,9f3f334c7d5c91c57e4e6269b32599af1062fdde,verse_equivalent,1024,1.529185,1.1556929999999999,1.62629,101.95978990270387,True,True
rs,0.1.7,9f3f334c7d5c91c57e4e6269b32599af1062fdde,paragraphs,1024,0.190443,0.177488,0.21527,-2.5133988216203496,True,True
rs,0.1.7,9f3f334c7d5c91c57e4e6269b32599af1062fdde,mixed_document,1024,2.29836,2.225191,3.000538,-6.00754112037164,True,True
rs,dev-main,a4671198ee418f782d3cf5a68742371cde4a9e2f,quoted_fences,128,0.077017,0.07378,0.112234,-5.413570770647835,True,True
rs,dev-main,a4671198ee418f782d3cf5a68742371cde4a9e2f,verse_definitions,128,0.150005,0.142591,0.24117,,False,False
rs,dev-main,a4671198ee418f782d3cf5a68742371cde4a9e2f,verse_equivalent,128,0.17304,0.16274,0.195293,55.440973033183006,True,True
rs,dev-main,a4671198ee418f782d3cf5a68742371cde4a9e2f,paragraphs,128,0.022683,0.022173,0.034716,-4.230525649145045,True,True
rs,dev-main,a4671198ee418f782d3cf5a68742371cde4a9e2f,mixed_document,128,0.257591,0.24569799999999997,0.37769,-12.10238246353963,True,True
rs,dev-main,a4671198ee418f782d3cf5a68742371cde4a9e2f,quoted_fences,1024,0.539829,0.5181180000000001,0.607648,-71.12849536091186,True,True
rs,dev-main,a4671198ee418f782d3cf5a68742371cde4a9e2f,verse_definitions,1024,1.4111690000000001,1.3557540000000001,1.9019849999999998,,False,False
rs,dev-main,a4671198ee418f782d3cf5a68742371cde4a9e2f,verse_equivalent,1024,1.5836780000000001,1.52162,1.745847,109.15669206376882,True,True
rs,dev-main,a4671198ee418f782d3cf5a68742371cde4a9e2f,paragraphs,1024,0.183039,0.16955299999999998,0.22044,-6.303460914344794,True,True
rs,dev-main,a4671198ee418f782d3cf5a68742371cde4a9e2f,mixed_document,1024,2.217085,2.1286970000000003,2.629732,-9.33131855099253,True,True
