engine,revision,sha,case,n,median_ms,min_ms,max_ms,round_medians,hash
php,0.1.7,9fd773b229d4d63b8b468b87b122943d563c80dc,html_definition_list,128,2.4034725000000003,2.351789,3.38845,"[2.428495, 2.426521, 2.369924, 2.413917]",0ce7c14737ae36fc73abf4075ec29b97316d536fbb7e65dbc86d4dd49bbc29c1
php,0.1.8,93409af08040344221ff0d2d2d40351c8105e413,html_definition_list,128,33.106301,31.365096,40.188094,"[33.080797, 32.934028, 33.690426, 32.652543]",0ce7c14737ae36fc73abf4075ec29b97316d536fbb7e65dbc86d4dd49bbc29c1
php,0.1.9,d4b53388df891158c9c868177a4213a5e8b2f608,html_definition_list,128,32.975871999999995,30.438505,39.096298,"[33.348035, 32.295825, 33.064286, 33.730781]",0ce7c14737ae36fc73abf4075ec29b97316d536fbb7e65dbc86d4dd49bbc29c1
php,0.1.10,6d94607eaa9d51c9ed782342161beca77b05aaf9,html_definition_list,128,43.410672500000004,39.874097,69.382575,"[43.645855, 47.282266, 43.052046, 41.514884]",0ce7c14737ae36fc73abf4075ec29b97316d536fbb7e65dbc86d4dd49bbc29c1
php,dev-main,4c1cf690ea57e6ce035dfbecce932d42684c1018,html_definition_list,128,18.6561245,16.481191,24.324756,"[18.582164, 18.931237, 18.940314, 18.52233]",0ce7c14737ae36fc73abf4075ec29b97316d536fbb7e65dbc86d4dd49bbc29c1
php,0.1.7,9fd773b229d4d63b8b468b87b122943d563c80dc,html_definition_list,1024,20.5592215,18.83435,27.180466,"[20.706768, 20.399553, 20.222407, 20.707788]",b4474c125e422fcbb9fd61a41d76282a268e23bdb37922bba491a00ac49f31f8
php,0.1.8,93409af08040344221ff0d2d2d40351c8105e413,html_definition_list,1024,342.0037985,298.229451,515.252955,"[376.930378, 337.619021, 333.391508, 345.846484]",b4474c125e422fcbb9fd61a41d76282a268e23bdb37922bba491a00ac49f31f8
php,0.1.9,d4b53388df891158c9c868177a4213a5e8b2f608,html_definition_list,1024,337.65145900000005,278.642407,500.263619,"[291.634388, 374.871369, 347.311532, 336.850865]",b4474c125e422fcbb9fd61a41d76282a268e23bdb37922bba491a00ac49f31f8
php,0.1.10,6d94607eaa9d51c9ed782342161beca77b05aaf9,html_definition_list,1024,1159.085245,1012.473757,1859.66139,"[1068.91517, 1201.837875, 1177.795787, 1164.584094]",b4474c125e422fcbb9fd61a41d76282a268e23bdb37922bba491a00ac49f31f8
php,dev-main,4c1cf690ea57e6ce035dfbecce932d42684c1018,html_definition_list,1024,297.769139,209.343512,453.615085,"[356.062842, 354.512837, 258.650029, 253.71271]",b4474c125e422fcbb9fd61a41d76282a268e23bdb37922bba491a00ac49f31f8
php,0.1.7,9fd773b229d4d63b8b468b87b122943d563c80dc,html_table,128,22.2774225,20.257248,32.921796,"[22.01574, 21.381795, 23.943344, 21.446608]",60f24c17fca1d5f104b8cb4cb9a05c5abc87e8acb4f146fd3f5643273d724e8d
php,0.1.8,93409af08040344221ff0d2d2d40351c8105e413,html_table,128,68.561116,62.979341,101.648817,"[65.161627, 68.959323, 70.337131, 69.492375]",60f24c17fca1d5f104b8cb4cb9a05c5abc87e8acb4f146fd3f5643273d724e8d
php,0.1.9,d4b53388df891158c9c868177a4213a5e8b2f608,html_table,128,66.77193700000001,62.931486,78.904052,"[65.844886, 69.14657, 67.78989, 65.598495]",60f24c17fca1d5f104b8cb4cb9a05c5abc87e8acb4f146fd3f5643273d724e8d
php,0.1.10,6d94607eaa9d51c9ed782342161beca77b05aaf9,html_table,128,81.659043,74.092269,121.304172,"[82.790059, 90.507455, 78.66104, 79.503881]",60f24c17fca1d5f104b8cb4cb9a05c5abc87e8acb4f146fd3f5643273d724e8d
php,dev-main,4c1cf690ea57e6ce035dfbecce932d42684c1018,html_table,128,50.3030525,45.395832,75.225744,"[51.205394, 50.022816, 50.192136, 49.867479]",60f24c17fca1d5f104b8cb4cb9a05c5abc87e8acb4f146fd3f5643273d724e8d
php,0.1.7,9fd773b229d4d63b8b468b87b122943d563c80dc,html_table,1024,182.5039405,168.575208,309.911009,"[179.655842, 176.538537, 180.812586, 298.360757]",087af5b003a73513a6f69feb4c666e8eed8ffdcdf0e6151702640673c7d4728a
php,0.1.8,93409af08040344221ff0d2d2d40351c8105e413,html_table,1024,671.8967775000001,605.592809,1047.537449,"[671.127525, 647.252428, 663.951678, 723.02987]",087af5b003a73513a6f69feb4c666e8eed8ffdcdf0e6151702640673c7d4728a
php,0.1.9,d4b53388df891158c9c868177a4213a5e8b2f608,html_table,1024,646.0692925000001,612.413504,846.656261,"[642.223324, 639.158596, 633.706857, 682.179718]",087af5b003a73513a6f69feb4c666e8eed8ffdcdf0e6151702640673c7d4728a
php,0.1.10,6d94607eaa9d51c9ed782342161beca77b05aaf9,html_table,1024,1398.0260545,1299.316972,2347.057602,"[1380.764766, 1384.309682, 1382.735536, 1855.177768]",087af5b003a73513a6f69feb4c666e8eed8ffdcdf0e6151702640673c7d4728a
php,dev-main,4c1cf690ea57e6ce035dfbecce932d42684c1018,html_table,1024,547.9094075,489.742335,1737.018582,"[516.728335, 518.639131, 652.839021, 768.309876]",087af5b003a73513a6f69feb4c666e8eed8ffdcdf0e6151702640673c7d4728a
php,0.1.7,9fd773b229d4d63b8b468b87b122943d563c80dc,mixed_document,128,3.3179,2.959154,5.322816,"[4.232063, 3.049054, 4.12517, 3.024718]",89ba8a61d012683a2a8eaeebd6191f5ad2c9fb9f5ca0dd89f4794d766ae2edd4
php,0.1.8,93409af08040344221ff0d2d2d40351c8105e413,mixed_document,128,3.1615185,2.930379,5.076147,"[4.493941, 2.990233, 3.160206, 3.131432]",89ba8a61d012683a2a8eaeebd6191f5ad2c9fb9f5ca0dd89f4794d766ae2edd4
php,0.1.9,d4b53388df891158c9c868177a4213a5e8b2f608,mixed_document,128,3.0382495,2.928897,4.298369,"[3.068131, 3.026021, 3.019418, 3.074614]",89ba8a61d012683a2a8eaeebd6191f5ad2c9fb9f5ca0dd89f4794d766ae2edd4
php,0.1.10,6d94607eaa9d51c9ed782342161beca77b05aaf9,mixed_document,128,4.0494415,3.797296,5.53003,"[4.038505, 4.444968, 3.927383, 3.972159]",89ba8a61d012683a2a8eaeebd6191f5ad2c9fb9f5ca0dd89f4794d766ae2edd4
php,dev-main,4c1cf690ea57e6ce035dfbecce932d42684c1018,mixed_document,128,3.93876,3.79338,5.275786,"[3.866429, 4.160287, 3.958773, 3.876698]",89ba8a61d012683a2a8eaeebd6191f5ad2c9fb9f5ca0dd89f4794d766ae2edd4
php,0.1.7,9fd773b229d4d63b8b468b87b122943d563c80dc,mixed_document,1024,712.7497525,683.885577,926.807561,"[716.640142, 709.744733, 720.710106, 712.462454]",e8b4e9fa1df70900edfeec1f53fecf73921009f6c7930de9034ccbcc8641335f
php,0.1.8,93409af08040344221ff0d2d2d40351c8105e413,mixed_document,1024,797.4619735,750.699298,870.211997,"[803.991914, 787.382332, 798.054404, 797.91665]",f66922f015ee4ad23f4baebc7aff5d177d54946cde113ecd72e9776ff7448826
php,0.1.9,d4b53388df891158c9c868177a4213a5e8b2f608,mixed_document,1024,791.3076695,746.198296,1080.764574,"[791.278607, 807.557475, 799.028322, 781.505464]",f66922f015ee4ad23f4baebc7aff5d177d54946cde113ecd72e9776ff7448826
php,0.1.10,6d94607eaa9d51c9ed782342161beca77b05aaf9,mixed_document,1024,527.7613134999999,493.677298,647.724542,"[529.336533, 542.467623, 524.186173, 517.416778]",f66922f015ee4ad23f4baebc7aff5d177d54946cde113ecd72e9776ff7448826
php,dev-main,4c1cf690ea57e6ce035dfbecce932d42684c1018,mixed_document,1024,513.118031,473.887362,571.942988,"[515.460409, 501.370084, 535.728317, 504.278964]",f66922f015ee4ad23f4baebc7aff5d177d54946cde113ecd72e9776ff7448826
php,0.1.7,9fd773b229d4d63b8b468b87b122943d563c80dc,paragraphs,128,0.385413,0.293107,0.490602,"[0.37922, 0.3842, 0.384982, 0.404188]",167ad543a7a0fc07ec517a075e2d6f6e1f971c0db2d65af770b363e2c6ec3b2c
php,0.1.8,93409af08040344221ff0d2d2d40351c8105e413,paragraphs,128,0.3885285,0.297756,0.48457,"[0.374352, 0.407435, 0.385463, 0.387747]",167ad543a7a0fc07ec517a075e2d6f6e1f971c0db2d65af770b363e2c6ec3b2c
php,0.1.9,d4b53388df891158c9c868177a4213a5e8b2f608,paragraphs,128,0.35871149999999996,0.279481,0.419227,"[0.365164, 0.361798, 0.35814, 0.28954]",167ad543a7a0fc07ec517a075e2d6f6e1f971c0db2d65af770b363e2c6ec3b2c
php,0.1.10,6d94607eaa9d51c9ed782342161beca77b05aaf9,paragraphs,128,0.448728,0.346228,0.587396,"[0.455466, 0.473419, 0.441349, 0.446097]",167ad543a7a0fc07ec517a075e2d6f6e1f971c0db2d65af770b363e2c6ec3b2c
php,dev-main,4c1cf690ea57e6ce035dfbecce932d42684c1018,paragraphs,128,0.43535749999999995,0.339455,0.578509,"[0.48408, 0.428674, 0.437051, 0.420138]",167ad543a7a0fc07ec517a075e2d6f6e1f971c0db2d65af770b363e2c6ec3b2c
php,0.1.7,9fd773b229d4d63b8b468b87b122943d563c80dc,paragraphs,1024,2.269021,2.21514,2.795071,"[2.2731, 2.35774, 2.238563, 2.237872]",147a0a619637fc1a6f6dd52bdcea5db5283da25447b8097f07491ec576d818a7
php,0.1.8,93409af08040344221ff0d2d2d40351c8105e413,paragraphs,1024,2.2623485,2.201733,2.833123,"[2.239185, 2.272568, 2.246027, 2.274942]",147a0a619637fc1a6f6dd52bdcea5db5283da25447b8097f07491ec576d818a7
php,0.1.9,d4b53388df891158c9c868177a4213a5e8b2f608,paragraphs,1024,2.255636,2.202986,2.606533,"[2.248763, 2.273961, 2.23147, 2.286505]",147a0a619637fc1a6f6dd52bdcea5db5283da25447b8097f07491ec576d818a7
php,0.1.10,6d94607eaa9d51c9ed782342161beca77b05aaf9,paragraphs,1024,2.6889339999999997,2.604549,3.307956,"[2.671125, 2.710521, 2.751458, 2.634997]",147a0a619637fc1a6f6dd52bdcea5db5283da25447b8097f07491ec576d818a7
php,dev-main,4c1cf690ea57e6ce035dfbecce932d42684c1018,paragraphs,1024,2.7611410000000003,2.664062,3.483919,"[2.742842, 2.738744, 2.748673, 2.819387]",147a0a619637fc1a6f6dd52bdcea5db5283da25447b8097f07491ec576d818a7
php,0.1.7,9fd773b229d4d63b8b468b87b122943d563c80dc,quoted_false_mixed_closer,128,0.978585,0.929566,1.137672,"[0.949163, 1.011322, 0.976166, 0.990853]",64237726fbdc32e5aa45414706e3d1a99ae32e45d5be7e25ceac97579a20555b
php,0.1.8,93409af08040344221ff0d2d2d40351c8105e413,quoted_false_mixed_closer,128,1.0359745,0.967388,1.52603,"[1.030418, 1.013927, 1.044235, 1.065304]",64237726fbdc32e5aa45414706e3d1a99ae32e45d5be7e25ceac97579a20555b
php,0.1.9,d4b53388df891158c9c868177a4213a5e8b2f608,quoted_false_mixed_closer,128,1.0361645,0.980544,1.229697,"[1.011993, 1.050467, 1.008226, 1.069102]",64237726fbdc32e5aa45414706e3d1a99ae32e45d5be7e25ceac97579a20555b
php,0.1.10,6d94607eaa9d51c9ed782342161beca77b05aaf9,quoted_false_mixed_closer,128,1.2879425,1.226441,1.555596,"[1.270825, 1.29455, 1.268029, 1.289721]",64237726fbdc32e5aa45414706e3d1a99ae32e45d5be7e25ceac97579a20555b
php,dev-main,4c1cf690ea57e6ce035dfbecce932d42684c1018,quoted_false_mixed_closer,128,1.6009769999999999,1.526581,1.942621,"[1.611954, 1.563581, 1.725048, 1.57889]",64237726fbdc32e5aa45414706e3d1a99ae32e45d5be7e25ceac97579a20555b
php,0.1.7,9fd773b229d4d63b8b468b87b122943d563c80dc,quoted_false_mixed_closer,1024,7.307063,6.483387,9.226549,"[7.287185, 6.980943, 7.64763, 7.100029]",b815de1fe41f9c1505637cf8208ceb03188d1b848efd1199105e6a505661a714
php,0.1.8,93409af08040344221ff0d2d2d40351c8105e413,quoted_false_mixed_closer,1024,7.8737695,6.829716,10.952068,"[8.091042, 7.819937, 8.378548, 7.341858]",b815de1fe41f9c1505637cf8208ceb03188d1b848efd1199105e6a505661a714
php,0.1.9,d4b53388df891158c9c868177a4213a5e8b2f608,quoted_false_mixed_closer,1024,7.96335,6.738522,12.768769,"[8.535947, 7.819938, 8.765203, 7.688127]",b815de1fe41f9c1505637cf8208ceb03188d1b848efd1199105e6a505661a714
php,0.1.10,6d94607eaa9d51c9ed782342161beca77b05aaf9,quoted_false_mixed_closer,1024,9.762852500000001,8.644663,15.123102,"[9.518223, 9.969771, 11.873178, 9.148891]",b815de1fe41f9c1505637cf8208ceb03188d1b848efd1199105e6a505661a714
php,dev-main,4c1cf690ea57e6ce035dfbecce932d42684c1018,quoted_false_mixed_closer,1024,11.843541,10.704136,18.016358,"[11.783998, 11.541066, 12.141356, 11.952108]",b815de1fe41f9c1505637cf8208ceb03188d1b848efd1199105e6a505661a714
php,0.1.7,9fd773b229d4d63b8b468b87b122943d563c80dc,quoted_fences,128,0.9825275,0.919267,1.496204,"[0.981024, 1.013477, 0.967649, 1.007404]",be48bd8663c2cfbe82a248c509af4037a194532afff6c39c0e4f6653f2b17055
php,0.1.8,93409af08040344221ff0d2d2d40351c8105e413,quoted_fences,128,0.9997699999999999,0.95788,1.98894,"[0.987868, 0.981706, 1.055636, 1.01055]",be48bd8663c2cfbe82a248c509af4037a194532afff6c39c0e4f6653f2b17055
php,0.1.9,d4b53388df891158c9c868177a4213a5e8b2f608,quoted_fences,128,1.026611,0.960345,1.899951,"[1.054494, 1.235909, 1.001483, 1.006293]",be48bd8663c2cfbe82a248c509af4037a194532afff6c39c0e4f6653f2b17055
php,0.1.10,6d94607eaa9d51c9ed782342161beca77b05aaf9,quoted_fences,128,1.2828975,1.224968,1.895172,"[1.28406, 1.289912, 1.273811, 1.284061]",be48bd8663c2cfbe82a248c509af4037a194532afff6c39c0e4f6653f2b17055
php,dev-main,4c1cf690ea57e6ce035dfbecce932d42684c1018,quoted_fences,128,1.6060075,1.520068,2.389902,"[1.645999, 1.576476, 1.62058, 1.580353]",be48bd8663c2cfbe82a248c509af4037a194532afff6c39c0e4f6653f2b17055
php,0.1.7,9fd773b229d4d63b8b468b87b122943d563c80dc,quoted_fences,1024,7.142949,6.443766,11.061331,"[7.186267, 6.913869, 7.198901, 6.879173]",c18d8528e6393c37f4bc7f75be07f00c9498e2004565aba27825deb6495720de
php,0.1.8,93409af08040344221ff0d2d2d40351c8105e413,quoted_fences,1024,7.330871500000001,6.646591,10.28688,"[7.073232, 7.589352, 7.211224, 7.524129]",c18d8528e6393c37f4bc7f75be07f00c9498e2004565aba27825deb6495720de
php,0.1.9,d4b53388df891158c9c868177a4213a5e8b2f608,quoted_fences,1024,7.268978499999999,6.629729,10.984665,"[7.397768, 7.35637, 7.081237, 7.351721]",c18d8528e6393c37f4bc7f75be07f00c9498e2004565aba27825deb6495720de
php,0.1.10,6d94607eaa9d51c9ed782342161beca77b05aaf9,quoted_fences,1024,9.1314085,8.45604,11.061511,"[8.918038, 9.505484, 9.269326, 9.02427]",c18d8528e6393c37f4bc7f75be07f00c9498e2004565aba27825deb6495720de
php,dev-main,4c1cf690ea57e6ce035dfbecce932d42684c1018,quoted_fences,1024,11.4621825,10.526474,14.669718,"[11.396157, 11.537756, 11.531224, 11.191247]",c18d8528e6393c37f4bc7f75be07f00c9498e2004565aba27825deb6495720de
php,0.1.7,9fd773b229d4d63b8b468b87b122943d563c80dc,quoted_indented_closer,128,1.013266,0.951769,1.440347,"[1.002274, 1.049875, 0.997025, 1.045037]",770a68d435f01bdf3d387657e677bf354775ae3ef4e6478953705250f7e0a265
php,0.1.8,93409af08040344221ff0d2d2d40351c8105e413,quoted_indented_closer,128,1.0382785,0.969632,1.385643,"[1.046499, 1.0156, 1.00495, 1.092626]",770a68d435f01bdf3d387657e677bf354775ae3ef4e6478953705250f7e0a265
php,0.1.9,d4b53388df891158c9c868177a4213a5e8b2f608,quoted_indented_closer,128,1.05526,0.982607,1.393438,"[1.055295, 1.071085, 1.019417, 1.072559]",770a68d435f01bdf3d387657e677bf354775ae3ef4e6478953705250f7e0a265
php,0.1.10,6d94607eaa9d51c9ed782342161beca77b05aaf9,quoted_indented_closer,128,1.3108415,1.235248,1.943484,"[1.363672, 1.311472, 1.290483, 1.292938]",770a68d435f01bdf3d387657e677bf354775ae3ef4e6478953705250f7e0a265
php,dev-main,4c1cf690ea57e6ce035dfbecce932d42684c1018,quoted_indented_closer,128,1.6489985,1.53123,2.254234,"[1.802736, 1.594491, 1.656799, 1.588659]",770a68d435f01bdf3d387657e677bf354775ae3ef4e6478953705250f7e0a265
php,0.1.7,9fd773b229d4d63b8b468b87b122943d563c80dc,quoted_indented_closer,1024,6.9757675,6.497364,9.789379,"[7.159011, 6.999669, 6.947199, 6.896653]",b698fade966ec1fa348790d2e7caa16e8f78d91d5657d837d417c8c6a314ef01
php,0.1.8,93409af08040344221ff0d2d2d40351c8105e413,quoted_indented_closer,1024,7.456146,6.736578,9.590781,"[7.781915, 7.081273, 7.73729, 7.150786]",b698fade966ec1fa348790d2e7caa16e8f78d91d5657d837d417c8c6a314ef01
php,0.1.9,d4b53388df891158c9c868177a4213a5e8b2f608,quoted_indented_closer,1024,7.4731475,6.756928,9.465874,"[7.496703, 7.6479, 7.617873, 7.191182]",b698fade966ec1fa348790d2e7caa16e8f78d91d5657d837d417c8c6a314ef01
php,0.1.10,6d94607eaa9d51c9ed782342161beca77b05aaf9,quoted_indented_closer,1024,9.421820499999999,8.633814,12.327591,"[9.088647, 9.718725, 9.371314, 9.22683]",b698fade966ec1fa348790d2e7caa16e8f78d91d5657d837d417c8c6a314ef01
php,dev-main,4c1cf690ea57e6ce035dfbecce932d42684c1018,quoted_indented_closer,1024,11.737269,10.673048,17.025737,"[11.446617, 11.501201, 11.811119, 11.946196]",b698fade966ec1fa348790d2e7caa16e8f78d91d5657d837d417c8c6a314ef01
php,0.1.7,9fd773b229d4d63b8b468b87b122943d563c80dc,verse_definitions,128,2.7835405,2.653483,4.30391,"[2.736811, 2.811744, 2.765175, 2.879722]",984a37566332361ba75e26e94289616f5c42a9254d41ee42550ffbc244482049
php,0.1.8,93409af08040344221ff0d2d2d40351c8105e413,verse_definitions,128,2.916783,2.707826,3.312356,"[2.871668, 2.856649, 3.033005, 2.899511]",984a37566332361ba75e26e94289616f5c42a9254d41ee42550ffbc244482049
php,0.1.9,d4b53388df891158c9c868177a4213a5e8b2f608,verse_definitions,128,2.8951625,2.727824,4.265968,"[2.891004, 2.99927, 2.905151, 2.882819]",984a37566332361ba75e26e94289616f5c42a9254d41ee42550ffbc244482049
php,0.1.10,6d94607eaa9d51c9ed782342161beca77b05aaf9,verse_definitions,128,17.228658000000003,16.225356,19.380583,"[17.359121, 17.181554, 17.251226, 17.227671]",984a37566332361ba75e26e94289616f5c42a9254d41ee42550ffbc244482049
php,dev-main,4c1cf690ea57e6ce035dfbecce932d42684c1018,verse_definitions,128,4.273612,4.029799,5.973402,"[4.165005, 4.338626, 4.203308, 4.307516]",984a37566332361ba75e26e94289616f5c42a9254d41ee42550ffbc244482049
php,0.1.7,9fd773b229d4d63b8b468b87b122943d563c80dc,verse_definitions,1024,21.910813,20.33374,34.965225,"[22.041798, 21.91224, 21.976492, 21.704063]",96aed4c1bb94c863e3f51643c6a23083f860f3ed4397316ea0605bb92417ce9a
php,0.1.8,93409af08040344221ff0d2d2d40351c8105e413,verse_definitions,1024,22.65638,20.794114,27.09519,"[22.699718, 22.95944, 22.842838, 22.462354]",96aed4c1bb94c863e3f51643c6a23083f860f3ed4397316ea0605bb92417ce9a
php,0.1.9,d4b53388df891158c9c868177a4213a5e8b2f608,verse_definitions,1024,23.086357,20.342058,33.679842,"[23.250225, 23.373036, 22.839623, 22.989746]",96aed4c1bb94c863e3f51643c6a23083f860f3ed4397316ea0605bb92417ce9a
php,0.1.10,6d94607eaa9d51c9ed782342161beca77b05aaf9,verse_definitions,1024,826.6175205,724.101186,1017.64353,"[851.693332, 812.015265, 821.126064, 821.661018]",96aed4c1bb94c863e3f51643c6a23083f860f3ed4397316ea0605bb92417ce9a
php,dev-main,4c1cf690ea57e6ce035dfbecce932d42684c1018,verse_definitions,1024,34.6286705,32.172737,50.266454,"[35.012266, 34.763903, 34.335326, 34.454573]",96aed4c1bb94c863e3f51643c6a23083f860f3ed4397316ea0605bb92417ce9a
php,0.1.7,9fd773b229d4d63b8b468b87b122943d563c80dc,verse_equivalent,128,3.039306,2.833064,4.922966,"[2.891896, 3.000623, 3.113086, 4.124709]",12a6a915368ac54360023c428c11e0411634ea36560c15592de3805adbcf371c
php,0.1.8,93409af08040344221ff0d2d2d40351c8105e413,verse_equivalent,128,3.1204145,2.889922,4.404741,"[3.165647, 3.04119, 3.012414, 4.142994]",12a6a915368ac54360023c428c11e0411634ea36560c15592de3805adbcf371c
php,0.1.9,d4b53388df891158c9c868177a4213a5e8b2f608,verse_equivalent,128,3.2449715,2.86777,4.982049,"[3.01516, 3.140489, 3.254735, 4.147733]",12a6a915368ac54360023c428c11e0411634ea36560c15592de3805adbcf371c
php,0.1.10,6d94607eaa9d51c9ed782342161beca77b05aaf9,verse_equivalent,128,24.0225695,22.662049,31.458536,"[23.816773, 23.489141, 24.226372, 29.015574]",12a6a915368ac54360023c428c11e0411634ea36560c15592de3805adbcf371c
php,dev-main,4c1cf690ea57e6ce035dfbecce932d42684c1018,verse_equivalent,128,4.6800995,4.256269,8.030231,"[4.64644, 4.4094, 4.698739, 5.953614]",12a6a915368ac54360023c428c11e0411634ea36560c15592de3805adbcf371c
php,0.1.7,9fd773b229d4d63b8b468b87b122943d563c80dc,verse_equivalent,1024,23.580828500000003,21.601837,32.862554,"[23.000447, 22.799022, 29.575399, 23.384062]",bdc33e751fba97907d260e146b009ada9af7d4d9062affd7e85261ba8d71e55b
php,0.1.8,93409af08040344221ff0d2d2d40351c8105e413,verse_equivalent,1024,24.109697500000003,22.058565,28.316235,"[23.658407, 24.251783, 24.451852, 23.798941]",bdc33e751fba97907d260e146b009ada9af7d4d9062affd7e85261ba8d71e55b
php,0.1.9,d4b53388df891158c9c868177a4213a5e8b2f608,verse_equivalent,1024,24.20846,22.342103,34.383285,"[24.244631, 24.785356, 24.273794, 23.645218]",bdc33e751fba97907d260e146b009ada9af7d4d9062affd7e85261ba8d71e55b
php,0.1.10,6d94607eaa9d51c9ed782342161beca77b05aaf9,verse_equivalent,1024,1204.493309,1112.408145,1401.344158,"[1194.042143, 1209.987511, 1204.584891, 1195.953036]",bdc33e751fba97907d260e146b009ada9af7d4d9062affd7e85261ba8d71e55b
php,dev-main,4c1cf690ea57e6ce035dfbecce932d42684c1018,verse_equivalent,1024,35.7235165,33.79775,43.124001,"[37.480941, 35.504496, 35.089895, 35.811917]",bdc33e751fba97907d260e146b009ada9af7d4d9062affd7e85261ba8d71e55b
rs,0.1.4,2e9c43f22c5ed05dbd93323ae6b9c94bb867b285,paragraphs,128,0.026229,0.025859,0.035227,"[0.026371, 0.025999, 0.02615, 0.026229]",45b73087d7f7cbdd329607259c3bae009d5260457260fe402170f4de141dbab2
rs,0.1.5,56cb353657375e1a85965d5fcf00a234831d82c6,paragraphs,128,0.0263,0.025579,0.07559300000000001,"[0.02644, 0.02619, 0.026279999999999998, 0.02631]",45b73087d7f7cbdd329607259c3bae009d5260457260fe402170f4de141dbab2
rs,0.1.6,d7837249c64b88879b04cd71b8b5555ff246e16f,paragraphs,128,0.02639,0.025298,0.08291799999999999,"[0.025969000000000002, 0.026591, 0.026420000000000003, 0.026359999999999998]",45b73087d7f7cbdd329607259c3bae009d5260457260fe402170f4de141dbab2
rs,0.1.7,9f3f334c7d5c91c57e4e6269b32599af1062fdde,paragraphs,128,0.027943,0.026621000000000002,0.03709,"[0.027953000000000002, 0.027733, 0.027783000000000002, 0.027953000000000002]",45b73087d7f7cbdd329607259c3bae009d5260457260fe402170f4de141dbab2
rs,dev-main,1aa51a380af1c5407fba49a476497ac4795adaeb,paragraphs,128,0.030933500000000003,0.029936,0.051638,"[0.031169, 0.033523, 0.030747999999999998, 0.030518]",45b73087d7f7cbdd329607259c3bae009d5260457260fe402170f4de141dbab2
rs,0.1.4,2e9c43f22c5ed05dbd93323ae6b9c94bb867b285,paragraphs,1024,0.2245815,0.202154,0.39162399999999997,"[0.217533, 0.21027900000000002, 0.207835, 0.33141000000000004]",352e54fc54a5ce32764f293a92784b7c394519d541c4675f55aace07542f4802
rs,0.1.5,56cb353657375e1a85965d5fcf00a234831d82c6,paragraphs,1024,0.2233945,0.200651,0.362118,"[0.219197, 0.207404, 0.209408, 0.324426]",352e54fc54a5ce32764f293a92784b7c394519d541c4675f55aace07542f4802
rs,0.1.6,d7837249c64b88879b04cd71b8b5555ff246e16f,paragraphs,1024,0.21594,0.196052,0.370854,"[0.209448, 0.208366, 0.20800500000000002, 0.343032]",352e54fc54a5ce32764f293a92784b7c394519d541c4675f55aace07542f4802
rs,0.1.7,9f3f334c7d5c91c57e4e6269b32599af1062fdde,paragraphs,1024,0.2355475,0.20719400000000002,0.38830800000000004,"[0.22141, 0.240206, 0.22081, 0.339225]",352e54fc54a5ce32764f293a92784b7c394519d541c4675f55aace07542f4802
rs,dev-main,1aa51a380af1c5407fba49a476497ac4795adaeb,paragraphs,1024,0.2482515,0.230207,0.436439,"[0.243633, 0.24750999999999998, 0.236188, 0.39697400000000005]",352e54fc54a5ce32764f293a92784b7c394519d541c4675f55aace07542f4802
rs,0.1.4,2e9c43f22c5ed05dbd93323ae6b9c94bb867b285,verse_equivalent,128,0.12736199999999998,0.12334400000000001,0.21078000000000002,"[0.12734199999999998, 0.128725, 0.12748199999999998, 0.12584900000000002]",7c3ef9914cb41a61d5b11cef805b9283502b16aff612ebccc63f1120b1d03164
rs,0.1.5,56cb353657375e1a85965d5fcf00a234831d82c6,verse_equivalent,128,0.119147,0.114707,0.175764,"[0.11913699999999999, 0.116942, 0.127151, 0.117994]",7c3ef9914cb41a61d5b11cef805b9283502b16aff612ebccc63f1120b1d03164
rs,0.1.6,d7837249c64b88879b04cd71b8b5555ff246e16f,verse_equivalent,128,0.13371850000000002,0.119647,0.19342700000000002,"[0.133454, 0.13317299999999999, 0.133223, 0.13655]",7c3ef9914cb41a61d5b11cef805b9283502b16aff612ebccc63f1120b1d03164
rs,0.1.7,9f3f334c7d5c91c57e4e6269b32599af1062fdde,verse_equivalent,128,0.221641,0.198848,0.361566,"[0.299209, 0.209879, 0.22210200000000002, 0.212534]",7c3ef9914cb41a61d5b11cef805b9283502b16aff612ebccc63f1120b1d03164
rs,dev-main,1aa51a380af1c5407fba49a476497ac4795adaeb,verse_equivalent,128,0.21172200000000002,0.192907,0.30669300000000005,"[0.209869, 0.22376500000000002, 0.21262399999999998, 0.206973]",7c3ef9914cb41a61d5b11cef805b9283502b16aff612ebccc63f1120b1d03164
rs,0.1.4,2e9c43f22c5ed05dbd93323ae6b9c94bb867b285,verse_equivalent,1024,0.9509160000000001,0.902795,1.5063520000000001,"[0.957649, 0.92654, 0.9589219999999999, 0.9898100000000001]",d07997cd88170b765be291c348663c4baaa8bc94dd9da60057c5331d19e74d47
rs,0.1.5,56cb353657375e1a85965d5fcf00a234831d82c6,verse_equivalent,1024,1.22136,1.165675,1.745535,"[1.198947, 1.23178, 1.2112209999999999, 1.267457]",d07997cd88170b765be291c348663c4baaa8bc94dd9da60057c5331d19e74d47
rs,0.1.6,d7837249c64b88879b04cd71b8b5555ff246e16f,verse_equivalent,1024,1.33451,1.245425,1.766385,"[1.340797, 1.3412579999999998, 1.356457, 1.2881369999999999]",d07997cd88170b765be291c348663c4baaa8bc94dd9da60057c5331d19e74d47
rs,0.1.7,9f3f334c7d5c91c57e4e6269b32599af1062fdde,verse_equivalent,1024,1.8981305,1.4838390000000001,2.671716,"[1.894339, 1.869141, 1.934024, 1.9218410000000001]",d07997cd88170b765be291c348663c4baaa8bc94dd9da60057c5331d19e74d47
rs,dev-main,1aa51a380af1c5407fba49a476497ac4795adaeb,verse_equivalent,1024,1.8416735,1.447039,2.337761,"[1.8577489999999999, 1.849203, 1.8213000000000001, 1.814487]",d07997cd88170b765be291c348663c4baaa8bc94dd9da60057c5331d19e74d47
