engine,case,n,tag,tag_ms,main_ms,change_percent,same_output
js,quoted_fences,128,0.1.8,0.36369249999995645,0.2880089999999882,-20.809749994838313,True
js,quoted_fences,128,0.1.9,0.310587000000055,0.2880089999999882,-7.269460730829957,True
js,verse_definitions,128,0.1.8,0.8333734999999933,0.7091609999999946,-14.90478158952735,True
js,verse_definitions,128,0.1.9,0.7435270000000287,0.7091609999999946,-4.6220244860015525,True
js,verse_equivalent,128,0.1.8,1.0015839999999798,0.7476894999999786,-25.349296714005654,True
js,verse_equivalent,128,0.1.9,0.850039000000038,0.7476894999999786,-12.040565197603259,True
js,paragraphs,128,0.1.8,0.08345400000001746,0.08575350000000981,2.7554101660697716,True
js,paragraphs,128,0.1.9,0.07921600000003082,0.08575350000000981,8.2527519692694,True
js,mixed_document,128,0.1.8,1.4649905000000558,1.4976945000000228,2.2323694249188453,True
js,mixed_document,128,0.1.9,1.451204500000017,1.4976945000000228,3.203545744242464,True
js,quoted_fences,1024,0.1.8,2.5837040000000115,1.8217915000000175,-29.48915587853681,True
js,quoted_fences,1024,0.1.9,2.400859500000024,1.8217915000000175,-24.119195646392498,True
js,verse_definitions,1024,0.1.8,7.013869999999997,5.38504549999999,-23.22290689733354,True
js,verse_definitions,1024,0.1.9,6.333804500000042,5.38504549999999,-14.979290882755315,True
js,verse_equivalent,1024,0.1.8,8.96162499999997,5.520042999999987,-38.40354846358773,True
js,verse_equivalent,1024,0.1.9,7.843285999999978,5.520042999999987,-29.620786491784145,True
js,paragraphs,1024,0.1.8,0.7513969999999972,0.6944735000000151,-7.575689016589415,True
js,paragraphs,1024,0.1.9,0.6734129999999823,0.6944735000000151,3.1274270024536754,True
js,mixed_document,1024,0.1.8,25.52602250000001,26.72133150000002,4.682707617295279,True
js,mixed_document,1024,0.1.9,26.743921500000056,26.72133150000002,-0.0844677920552428,True
php,quoted_fences,128,0.1.9,1.6673825,1.5576015,-6.584032158188058,True
php,quoted_fences,128,0.1.10,1.2548515,1.5576015,24.126360768584966,True
php,verse_definitions,128,0.1.9,3.9830845,4.256727,6.870115359089168,True
php,verse_definitions,128,0.1.10,17.1956105,4.256727,-75.24526971578008,True
php,verse_equivalent,128,0.1.9,3.6986404999999998,4.3084405,16.487138990664274,True
php,verse_equivalent,128,0.1.10,24.1200145,4.3084405,-82.13748793558976,True
php,paragraphs,128,0.1.9,0.3721275,0.32681099999999996,-12.17768103674145,True
php,paragraphs,128,0.1.10,0.336545,0.32681099999999996,-2.8923323775423837,True
php,mixed_document,128,0.1.9,4.06197,3.901166,-3.958768774757071,True
php,mixed_document,128,0.1.10,4.1139790000000005,3.901166,-5.172923828731268,True
php,quoted_false_mixed_closer,128,0.1.9,1.4281065000000002,1.6110625,12.811089369035145,True
php,quoted_false_mixed_closer,128,0.1.10,1.3033955000000002,1.6110625,23.605037764822722,True
php,quoted_indented_closer,128,0.1.9,1.3672725,1.6168385,18.252835480856966,True
php,quoted_indented_closer,128,0.1.10,1.293757,1.6168385,24.97234797570178,True
php,html_table,128,0.1.9,75.18474699999999,50.137227499999995,-33.314628963239045,True
php,html_table,128,0.1.10,86.98064,50.137227499999995,-42.35817591132923,True
php,html_definition_list,128,0.1.9,36.865468,18.8208845,-48.94711630949593,True
php,html_definition_list,128,0.1.10,44.048696500000005,18.8208845,-57.27255061906315,True
php,quoted_fences,1024,0.1.9,9.163622499999999,11.329763,23.638473758603663,True
php,quoted_fences,1024,0.1.10,10.2848615,11.329763,10.159606913520424,True
php,verse_definitions,1024,0.1.9,27.9272545,33.4071315,19.62196821030151,True
php,verse_definitions,1024,0.1.10,800.498964,33.4071315,-95.8267114634267,True
php,verse_equivalent,1024,0.1.9,26.714725,34.583062,29.45318359069762,True
php,verse_equivalent,1024,0.1.10,1174.3119325,34.583062,-97.05503614134484,True
php,paragraphs,1024,0.1.9,2.239677,2.644202,18.06175622645587,True
php,paragraphs,1024,0.1.10,2.5929945,2.644202,1.9748402860090941,True
php,mixed_document,1024,0.1.9,927.353458,527.8291935,-43.082199247053445,True
php,mixed_document,1024,0.1.10,557.9544175000001,527.8291935,-5.399226720881744,True
php,quoted_false_mixed_closer,1024,0.1.9,7.9922115,11.237783,40.609179324145764,True
php,quoted_false_mixed_closer,1024,0.1.10,10.379123,11.237783,8.272953312144015,True
php,quoted_indented_closer,1024,0.1.9,7.642354,11.800478,54.40894258496793,True
php,quoted_indented_closer,1024,0.1.10,9.795435999999999,11.800478,20.46914501814929,True
php,html_table,1024,0.1.9,703.0659045,525.1530875000001,-25.305283026991088,True
php,html_table,1024,0.1.10,1499.097092,525.1530875000001,-64.96870747715384,True
php,html_definition_list,1024,0.1.9,312.731862,215.1145175,-31.214390460796725,True
php,html_definition_list,1024,0.1.10,1190.9622304999998,215.1145175,-81.93775486820527,True
rs,quoted_fences,128,0.1.6,0.09137899999999999,0.084731,-7.275194519528538,True
rs,quoted_fences,128,0.1.7,0.100727,0.084731,-15.880548413037221,True
rs,verse_definitions,128,0.1.6,0.16291450000000002,0.1749925,,False
rs,verse_definitions,128,0.1.7,0.18352400000000002,0.1749925,,False
rs,verse_equivalent,128,0.1.6,0.135688,0.2035475,50.01142326513766,True
rs,verse_equivalent,128,0.1.7,0.19744,0.2035475,3.0933448136142516,True
rs,paragraphs,128,0.1.6,0.0253885,0.029505999999999998,16.217972704177065,True
rs,paragraphs,128,0.1.7,0.027562000000000003,0.029505999999999998,7.05318917349973,True
rs,mixed_document,128,0.1.6,0.281525,0.3195325,13.50057721339133,True
rs,mixed_document,128,0.1.7,0.388859,0.3195325,-17.828184509037982,True
rs,quoted_fences,1024,0.1.6,1.8409455000000001,0.7919955000000001,-56.978873084510106,True
rs,quoted_fences,1024,0.1.7,2.2082040000000003,0.7919955000000001,-64.13395229788551,True
rs,verse_definitions,1024,0.1.6,1.075234,1.1008225,,False
rs,verse_definitions,1024,0.1.7,1.8214475,1.1008225,,False
rs,verse_equivalent,1024,0.1.6,1.2481525,1.834773,46.99910467671218,True
rs,verse_equivalent,1024,0.1.7,1.7877939999999999,1.834773,2.627763601399269,True
rs,paragraphs,1024,0.1.6,0.19869749999999997,0.24518099999999998,23.3941041029706,True
rs,paragraphs,1024,0.1.7,0.2175935,0.24518099999999998,12.678457766431439,True
rs,mixed_document,1024,0.1.6,2.4209325,2.7955245,15.473046026686,True
rs,mixed_document,1024,0.1.7,2.648746,2.7955245,5.541433568941678,True
