engine,kind,n,stage,main_ms,candidate_ms,change_percent,hash
rs,nested,128,true,0.2718615,0.259924,-4.391022634687147,7d356b18a5325c586ff5723190517f0e0dc3aca4e6bf7e44606c23d1c36cfd14
rs,nested,128,false,0.264057,0.2544835,-3.625542969889084,e67a60f7a3c6cf24c4a33b0e982cf12f38a566ec49880e8a2c4f8da9c4099d8b
rs,nested,1024,true,3.0423445,3.0627945,0.6721789724996485,27922ee33fb83b2e50c0eaab7def01f02ca9030e8239b7158cb6c1925c398a81
rs,nested,1024,false,3.0211645,2.8657375,-5.1446056644714355,304913d4e1c43ae0436b609095f0342502f914bd4827d5febe3e7dc36c58313b
rs,nested,4096,true,15.8056345,15.917406,0.7071623730132481,83f215cda63bb284bf11bfbf1b653e6d54d37679b1751013b0cec3bdfcda14e6
rs,nested,4096,false,15.034993,14.668859999999999,-2.435205656563999,0a2d8b7fe23ecefc295fca4a3645512700b00f531e69ceea1b3a3166b43203ba
js,nested,128,true,0.9382634999999482,1.0472010000000296,11.610544372672216,05f682f6398d602b6a773c7831c6b9b19e7714aa4dad6e2ab3f027c8e0321f58
js,nested,1024,true,8.533799499999986,11.049806499999988,29.48284641559724,84ec73b5e735fa991f3051c36e609aae4d51cb7ea08d571b4779f0ed74905bfc
js,nested,2048,true,19.001629999999977,25.04621400000002,31.810870962122983,edc912f063687968d108c4d16f26c2aecdcb921157d56aeac4035374a73cd3ba
js,plain,128,true,2.407801000000063,2.272711999999956,-5.610471961765262,1ea2ad1d760ff2a95feaa07c2559e215e87e29b5b87c5b862dc5c71005f121e5
js,plain,1024,true,20.257727999999986,21.775342499999965,7.491533601398825,daf6c332b2251d6430ff11607b5d58427399668b5906cea1a5b7414e41f24a61
js,plain,2048,true,47.59567249999998,45.33390200000002,-4.752050724779555,74156d8416815fbd4cced8716e5e7eeda85525fae072d6f95ab72fb64c75e861
rs,plain,128,true,0.6239865,0.6121285000000001,-1.9003616264133827,925ccd3d7578c74a538660c34df93aee5d9a92a823c96380215f2ee07ec3cf0f
rs,plain,128,false,0.5580309999999999,0.540533,-3.135668090124011,3386a6d2f064663152bbc9d3948104ab2362fc7fd03d55c893f8fffa64745e91
rs,plain,1024,true,5.9556545,6.012464,0.9538750107145999,a6a55ba79aad5a1aaa504a684de6726b4c8332bdae37d3290214b2c1b273bbac
rs,plain,1024,false,5.2233995,5.2771105,1.0282766998771509,6d43209fbd2969b64a7604a912e3b534ab270b53a3d30bb3f41d1daeb35c0d15
php,plain,1024,parse+encode,59.660340500000004,63.175734,5.892345686495015,e74dd1266bd56ae8bdd5c50255348f96728f870dd54f7ee88bba0ee444b4ec7a
js,rejected-wrappers,4096,false,7.549825500000054,5.275789999999972,-30.120371656272926,4e49c794d3e20166a69f323bad3e7f052bec347ad9a7b503b780838aadf818f1
js,rejected-wrappers,16384,false,41.49234949999999,25.34138450000006,-38.92516378230144,7ef7623ed9e6e2be68653c5f4ea8bdaafe0b3be7843fa5848610ee2ae75bde34
js,rejected-wrappers,65536,false,308.9876835000001,122.02770950000007,-60.507257726989614,806fb7694fa24dd44327221a1b926abc908197cb9a2e3a33c323c69ab27cfc31
js,rejected-suffixes,4096,false,9.636075000000005,7.333444999999983,-23.89593273194761,5073d17033b2b3f4aba7b14204da8ec778d9da236a7cad4162a73b919b4a341e
js,rejected-suffixes,16384,false,121.17783300000002,64.22757399999995,-46.99725815364273,e8c20177f0c838636bbdf0150dbefcae70d440dc96817ba10c76c17464ca0497
js,rejected-suffixes,65536,false,394.7721164999999,193.42297499999995,-51.003891380459244,1f7b69b15240e0006af39c0f35e78ef82e43749e4530b4af4bf33f8468bb2ffd
js,rejected-whitespace,4096,false,9.646642000000043,8.543959499999971,-11.430739318408067,550082638736288b5c016bb5f8a6dd6bc42a7faf13162955ea2471e0c95b281d
js,rejected-whitespace,16384,false,117.62750500000004,37.26285550000006,-68.32130758873102,ada9f567ddd9230aea545cfd4599970c868eaac753d8d140a4dc115ad748ef96
js,rejected-whitespace,65536,false,393.8224969999999,203.2925630000001,-48.37964703677146,556054c951012e1c0d757b6f708fc5a03a3a54c221081e0cbb16ddc743663475
js,rejected-commas,4096,false,12.50372299999998,7.3298674999999776,-41.378519821656404,2b0fda52860db01124dedf258f66c1ce0f3e9d53ddf7df7328a7429a229eec5e
js,rejected-commas,16384,false,76.87146050000007,46.789195500000005,-39.13320340778492,5d5d35b5197a8ef29ceb035cd7b67d22a69f1193e33960998f69bd783f56e03c
js,rejected-commas,65536,false,406.85180450000007,171.15220799999997,-57.932542978311915,32dbe41356e6ad09c3fd38eb7db3e3596a2111b92ca2f42444a3e78fbf1f9a2b
js,rejected-items,128,false,16.08359349999995,0.48985599999997476,-96.95431247998168,bfdb16282e07aee26fc144ed87ee64be0355594f8e26a03be9620bfb9f34fcfc
js,rejected-items,512,false,236.40496100000018,2.1167990000000145,-99.10458774170986,fcbf643aa2b4b7be171348931bc3272ef9a7b8e2622963d0012971118c5c4083
js,rejected-items,1024,false,896.7035114999996,4.4986244999999485,-99.49831528010026,eb3689daa307ecc43dcae1c497ada7b354a491caf2e17ccae1b9fe8c24f762a1
js,rejected-middle-items,128,false,1.9167375000000106,1.075129499999946,-43.9083599084413,78efca4f5daa781009c4f7b7c70d3db9cbcab18a74236be886555556f8066d90
js,rejected-middle-items,512,false,15.696534500000041,5.091516000000013,-67.56280184011318,9e608e0982639b49c6230cda9f1007eedcc45aec6068a71003571b69de08065d
js,rejected-middle-items,1024,false,56.33646649999997,10.746774000000016,-80.92394736897455,cff440e40f7589a41960da0b8246a287c2764937c08bec94f5491b8b0bc7e8dd
rs,rejected-wrappers,4096,false,5.076568,0.5929675000000001,-88.31952019553367,4e49c794d3e20166a69f323bad3e7f052bec347ad9a7b503b780838aadf818f1
rs,rejected-wrappers,16384,false,63.2491475,3.1062445000000003,-95.08887530855652,7ef7623ed9e6e2be68653c5f4ea8bdaafe0b3be7843fa5848610ee2ae75bde34
rs,rejected-wrappers,65536,false,933.4718950000001,12.8760135,-98.62063190450957,806fb7694fa24dd44327221a1b926abc908197cb9a2e3a33c323c69ab27cfc31
rs,rejected-suffixes,4096,false,6.8818205,0.83141,-87.91874911587712,5073d17033b2b3f4aba7b14204da8ec778d9da236a7cad4162a73b919b4a341e
rs,rejected-suffixes,16384,false,88.74387949999999,4.3295255,-95.12132495852855,e8c20177f0c838636bbdf0150dbefcae70d440dc96817ba10c76c17464ca0497
rs,rejected-suffixes,65536,false,1275.1778665000002,18.007603500000002,-98.5878359424928,1f7b69b15240e0006af39c0f35e78ef82e43749e4530b4af4bf33f8468bb2ffd
rs,rejected-whitespace,4096,false,6.8560885,0.7992889999999999,-88.34190953048521,550082638736288b5c016bb5f8a6dd6bc42a7faf13162955ea2471e0c95b281d
rs,rejected-whitespace,16384,false,88.362101,4.382125,-95.04071887109158,ada9f567ddd9230aea545cfd4599970c868eaac753d8d140a4dc115ad748ef96
rs,rejected-whitespace,65536,false,1287.1986095,18.221378,-98.58441596615165,556054c951012e1c0d757b6f708fc5a03a3a54c221081e0cbb16ddc743663475
rs,rejected-commas,4096,false,7.5444405,0.8176190000000001,-89.16262909091802,ebb08bd89f6a745de8d9788bd641e7d77340e222ad777c5b596ec355749275af
rs,rejected-commas,16384,false,99.89124699999999,4.439225500000001,-95.55594145300839,094f997f9fdd1f408a56bf54dfb4e4dad418aa0a6906904152275a723cae0cb2
rs,rejected-commas,65536,false,1447.1860565,18.56744,-98.71699703596474,5a3cef46b73b1b6042a21d13dab26b891f28c52f127ee2282d2d552defaa4277
rs,rejected-items,128,false,4.503341000000001,0.152385,-96.6161789657945,bfdb16282e07aee26fc144ed87ee64be0355594f8e26a03be9620bfb9f34fcfc
rs,rejected-items,512,false,68.31719000000001,0.6115075,-99.10489951357778,fcbf643aa2b4b7be171348931bc3272ef9a7b8e2622963d0012971118c5c4083
rs,rejected-items,1024,false,272.3972495,1.2643035,-99.53586040155666,eb3689daa307ecc43dcae1c497ada7b354a491caf2e17ccae1b9fe8c24f762a1
rs,rejected-middle-items,128,false,0.33234700000000006,0.2841205,-14.510887716753896,78efca4f5daa781009c4f7b7c70d3db9cbcab18a74236be886555556f8066d90
rs,rejected-middle-items,512,false,1.2087935,1.0494755,-13.179918654426913,9e608e0982639b49c6230cda9f1007eedcc45aec6068a71003571b69de08065d
rs,rejected-middle-items,1024,false,2.6814965,2.1270480000000003,-20.67683101581523,cff440e40f7589a41960da0b8246a287c2764937c08bec94f5491b8b0bc7e8dd
php,sibling-partitioned-tables,128,build,13.715462500000001,13.5644725,-1.100874286958975,dc0e427baeac91a5c08a3b57f32db48a54f53cf1c6d905db5723f23bd88a1088
php,sibling-partitioned-tables,1024,build,175.345751,165.52729399999998,-5.599483844920783,a74c1b6fbd712980e4c552d23968d87245a25cf2022934c762c49f6bbfeeee29
php,sibling-partitioned-tables,4096,build,1096.5605485,853.7216874999999,-22.145504079294366,a6466c7ee0d040782f3d0dc2dea09de654a81a5bbd6f0d327b962920760ec200
